trait,wildchat_std,comparison_std,std_diff_percent,levene_statistic,levene_p_value,significantly_different
E,2.3403385611105985,4.434140899325774,89.46578811321939,249.23278171173772,2.868967934246076e-55,True
A,3.905990167350151,5.636589989952863,44.30630258797506,26.698161352534992,2.439022890073321e-07,True
C,3.511072211341169,5.029882412346448,43.257731814781444,84.5676052515028,4.71627417149029e-20,True
N,1.8392734812814775,5.470944681418542,197.45139790776355,531.1986687739525,1.1477944136302546e-113,True
O,2.9374998131334418,4.5213910534200705,53.9197052270477,58.97910182203108,1.792690296945134e-14,True
